{
	"AngleCorrection" : 0,
	"AsternEfficiency" : 1.0,
	"AzimuthDrive" : 
	{
		"astern" : false,
		"aziToLengthRatio" : 0.30000001192092896,
		"azimuthDrive" : true,
		"clutchDisengageRPM" : 950,
		"clutchEngageRPM" : 1000,
		"engineIdleRPM" : 700,
		"engineMaxChangePerSecond" : 0.25,
		"maxDegPerSecond" : 30.0,
		"sameDirectionAsSchottel" : 1.0,
		"thrustLeverMaxChangePerSecond" : 0.40000000596046448
	},
	"BlockCoefficient" : 0.87000000476837158,
	"BowThruster" : 
	{
		"Distance" : 0.0,
		"Force" : 0.0
	},
	"Depth" : 4.3000001907348633,
	"Dynamics" : 
	{
		"lateralDrag" : 
		[
			0.0,
			0.0
		],
		"speed" : 
		[
			10402.6220703125,
			24082.0703125
		],
		"turnDrag" : 
		[
			90000000.0,
			6000000.0
		]
	},
	"FileName" : "boat.X",
	"HasDepthSounder" : true,
	"HasGPS" : true,
	"Inertia" : 65000000.0,
	"MakeTransparent" : true,
	"Mass" : 650000.0,
	"MaxDepth" : 50.0,
	"Max_propulsion_force" : 334500.0,
	"Pano" : 
	{
		"file" : [],
		"pitch" : [],
		"roll" : [],
		"yaw" : []
	},
	"PortThrottle" : 
	[
		-0.4699999988079071,
		9.6450004577636719,
		4.2800002098083496
	],
	"Prop" : 
	{
		"space" : 6.0,
		"walkAhead" : 0.0,
		"walkAstern" : 0.0,
		"walkDriftEffect" : 0.0
	},
	"RadarScreen" : 
	{
		"size" : 0.23000000417232513,
		"tilt" : 45.0,
		"vector" : 
		[
			-0.25,
			9.3850002288818359,
			4.8449997901916504
		]
	},
	"Rudder" : 
	{
		"A" : 0.0,
		"B" : 0.0,
		"BAstern" : 0.0
	},
	"Sails" : 
	{
		"list" : [],
		"size" : "",
		"type" : ""
	},
	"ScaleFactor" : 1.0,
	"StbdThrottle" : 
	[
		0.4699999988079071,
		9.6450004577636719,
		4.2800002098083496
	],
	"SternThruster" : 
	{
		"Distance" : 0.0,
		"Force" : -3.6072020316387656e+22
	},
	"View" : 
	[
		[
			0.0,
			10.25,
			3.619999885559082,
			false
		],
		[
			-1.7999999523162842,
			10.199999809265137,
			3.2000000476837158,
			false
		],
		[
			1.7999999523162842,
			10.199999809265137,
			3.2000000476837158,
			false
		],
		[
			-4.2699999809265137,
			6.9099998474121094,
			-2.5799999237060547,
			false
		],
		[
			4.2699999809265137,
			6.9099998474121094,
			-2.5799999237060547,
			false
		],
		[
			0.0,
			350.0,
			0.0,
			true
		]
	],
	"Wheel" : 
	{
		"scale" : 0.0,
		"vector" : 
		[
			0.0,
			12.300000190734863,
			-1.3600000143051147
		]
	},
	"YCorrection" : -4.3000001907348633
}
