{
	"AngleCorrection" : 0,
	"AsternEfficiency" : 0.0,
	"AzimuthDrive" : 
	{
		"astern" : true,
		"aziToLengthRatio" : 3.2609616563302818e-41,
		"azimuthDrive" : true,
		"clutchDisengageRPM" : 0,
		"clutchEngageRPM" : 0,
		"engineIdleRPM" : 1,
		"engineMaxChangePerSecond" : 4.5916346780531281e-41,
		"maxDegPerSecond" : 0.0,
		"sameDirectionAsSchottel" : 3.363116314379561e-44,
		"thrustLeverMaxChangePerSecond" : 0.0
	},
	"BlockCoefficient" : 2.3531042875402358e-27,
	"BowThruster" : 
	{
		"Distance" : -2799037.0,
		"Force" : 4.5916346780531281e-41
	},
	"Depth" : 3.2609616563302818e-41,
	"Dynamics" : 
	{
		"lateralDrag" : 
		[
			1.4012984643248171e-45,
			0.0
		],
		"speed" : 
		[
			1.4714331086906896e-08,
			3.2609616563302818e-41
		],
		"turnDrag" : 
		[
			1.4713592122461705e-08,
			3.2609616563302818e-41
		]
	},
	"FileName" : "CopenhagenFerry.obj",
	"HasDepthSounder" : false,
	"HasGPS" : false,
	"Inertia" : -7338120.0,
	"MakeTransparent" : false,
	"Mass" : 4.5916346780531281e-41,
	"MaxDepth" : 0.0,
	"Max_propulsion_force" : 2.4256476417462583e-42,
	"Pano" : 
	{
		"file" : [],
		"pitch" : [],
		"roll" : [],
		"yaw" : []
	},
	"PortThrottle" : 
	[
		1.4714331086906896e-08,
		3.2609616563302818e-41,
		1.4714338192334253e-08
	],
	"RadarScreen" : 
	{
		"size" : 0.0,
		"tilt" : 0.0,
		"vector" : 
		[
			0.0,
			0.0,
			0.0
		]
	},
	"ScaleFactor" : 0.0,
	"StbdThrottle" : 
	[
		3.2609616563302818e-41,
		1.2661960206820691e+31,
		-5.68822651028744e-25
	],
	"SternThruster" : 
	{
		"Distance" : 2.353141265395168e-27,
		"Force" : 4.1355120279154001e-41
	},
	"View" : [],
	"Wheel" : 
	{
		"scale" : 0.0,
		"vector" : 
		[
			4.5916346780531281e-41,
			-7202685.5,
			4.1355120279154001e-41
		]
	},
	"YCorrection" : 0.0
}
