{
	"addedMass" : 
	{
		"pX" : 0.02553459070622921,
		"pY" : 0.18037265539169312,
		"pZ" : 0.011040030047297478
	},
	"depthSounder" : 
	{
		"maxDepth" : 200.0,
		"number" : true
	},
	"engine" : 
	{
		"brand" : "Caterpillar",
		"fuelCons" : 177.0,
		"number" : 1,
		"power" : 4500.0,
		"rpmMax" : 170.0,
		"type" : "9M32C"
	},
	"general" : 
	{
		"boatName" : "CopenhagenFerry",
		"imgName" : "CopenhagenFerry.jpg"
	},
	"geoParams" : 
	{
		"blockCoef" : 0.81000000238418579,
		"breadth" : 25.0,
		"draugth" : 8.0,
		"length" : 156.44999694824219,
		"longGravityCenter" : 1.1000000238418579,
		"rho" : 1024.0,
		"subwaterVolume" : 25000.0
	},
	"gps" : 
	{
		"number" : true
	},
	"hull" : 
	{
		"npR" : -0.044766344130039215,
		"npRRR" : -0.023641418665647507,
		"npV" : -0.10226909816265106,
		"npVRR" : -0.18717649579048157,
		"npVVR" : -0.55937677621841431,
		"npVVV" : -0.10109999775886536,
		"xp0" : 0.02199999988079071,
		"xpRR" : -0.0042701181955635548,
		"xpVR" : 0.013153092004358768,
		"xpVV" : -0.031150523573160172,
		"xpVVVV" : 0.235378697514534,
		"ypR" : 0.077484458684921265,
		"ypRRR" : -0.050999999046325684,
		"ypV" : -0.34185197949409485,
		"ypVRR" : -0.41914519667625427,
		"ypVVR" : -0.75,
		"ypVVV" : -0.67772996425628662
	},
	"initialSpeed" : 
	[
		0,
		0,
		0
	],
	"mesh" : 
	{
		"angleCorrection" : 0,
		"makeTransparent" : false,
		"name" : "CopenhagenFerry.obj",
		"numberOfViews" : 5,
		"scaleFactor" : 1.0,
		"views" : 
		[
			[
				0.0,
				25.0,
				70.0,
				false
			],
			[
				50.0,
				40.0,
				0.0,
				false
			],
			[
				-50.0,
				40.0,
				0.0,
				false
			],
			[
				0.0,
				50.0,
				-50.0,
				false
			],
			[
				0.0,
				200.0,
				0.0,
				true
			]
		],
		"yCorrection" : -5.8000001907348633
	},
	"propeller" : 
	{
		"backwardEff" : 0.67000001668930054,
		"diameter" : 4.1999998092651367,
		"forwardRotDir" : "right",
		"k0" : 0.29300001263618469,
		"k1" : -0.27500000596046448,
		"k2" : -0.13899999856948853,
		"longPosition" : -0.47999998927116394,
		"nominalWake" : 0.35499998927116394,
		"number" : 2,
		"spacing" : 12.0,
		"thrustFactor" : 0.27000001072883606
	},
	"radar" : 
	{
		"number" : 1,
		"pos" : 
		[
			0.0,
			-10.0,
			0.0
		],
		"size" : 1.0,
		"tilt" : 0.0
	},
	"rotIndicator" : 
	{
		"number" : true
	},
	"rudder" : 
	{
		"areaMobPart" : 112.5,
		"aspectRatio" : 1.8270000219345093,
		"expConstUr" : 0.20731137692928314,
		"flowCoef" : 
		[
			0.4066347127475155,
			0.4066347127475155
		],
		"forceIncreaseFactor" : 0.46596357226371765,
		"longCoordinatePos" : -0.89999997615814209,
		"longCoordinateRatio" : -0.5,
		"longLateralForce" : -0.40000000596046448,
		"maxAngle" : 0.61000001430511475,
		"maxSpeed" : 0.040699999779462814,
		"spanLength" : 15.800000190734863,
		"steeringResistanceFactor" : 0.38999998569488525,
		"wakeFractionRatio" : 1.0860999822616577
	},
	"sail" : 
	{
		"number" : 1,
		"pos" : 
		[
			[
				0.5,
				26.5,
				3.0
			],
			[
				0.0,
				0.0,
				0.0
			],
			[
				0.0,
				0.0,
				0.0
			],
			[
				0.0,
				0.0,
				0.0
			]
		],
		"size" : "30x5",
		"type" : "Rotor"
	}
}
