{
	"addedMass" : 
	{
		"pX" : 0.015944194048643112,
		"pY" : 0.11310294270515442,
		"pZ" : 0.0095390118658542633
	},
	"depthSounder" : 
	{
		"maxDepth" : 200.0,
		"number" : true
	},
	"engine" : 
	{
		"brand" : "Caterpillar",
		"fuelCons" : 22.0,
		"number" : 2,
		"power" : 18000.0,
		"rpmMax" : 170.0,
		"type" : "9M32C"
	},
	"general" : 
	{
		"boatName" : "CopenhagenFerry",
		"imgName" : "CopenhagenFerry.jpg"
	},
	"geoParams" : 
	{
		"blockCoef" : 0.5,
		"breadth" : 24.799999237060547,
		"draugth" : 6.0,
		"length" : 156.44999694824219,
		"longGravityCenter" : 68.0,
		"rho" : 1025.0,
		"subwaterVolume" : 11707.7900390625
	},
	"gps" : 
	{
		"number" : true
	},
	"hull" : 
	{
		"npR" : -0.035535812377929688,
		"npRRR" : -0.036185361444950104,
		"npV" : -0.076701819896697998,
		"npVRR" : -0.33456754684448242,
		"npVVR" : -0.63714927434921265,
		"npVVV" : -0.31499999761581421,
		"xp0" : 0.02199999988079071,
		"xpRR" : -0.047896452248096466,
		"xpVR" : 0.041719116270542145,
		"xpVV" : -0.088852673768997192,
		"xpVVVV" : 0.57055288553237915,
		"ypR" : 0.047601372003555298,
		"ypRRR" : -0.050999999046325684,
		"ypV" : -0.23144491016864777,
		"ypVRR" : -0.93010079860687256,
		"ypVVR" : -0.75,
		"ypVVV" : -0.68706655502319336
	},
	"initialSpeed" : 
	[
		0,
		0,
		0
	],
	"mesh" : 
	{
		"angleCorrection" : 0,
		"makeTransparent" : false,
		"name" : "CopenhagenFerry.obj",
		"numberOfViews" : 5,
		"scaleFactor" : 1.0,
		"views" : 
		[
			[
				0.0,
				25.0,
				70.0,
				false
			],
			[
				50.0,
				40.0,
				0.0,
				false
			],
			[
				-50.0,
				40.0,
				0.0,
				false
			],
			[
				0.0,
				50.0,
				-50.0,
				false
			],
			[
				0.0,
				200.0,
				0.0,
				true
			]
		],
		"yCorrection" : -5.8000001907348633
	},
	"propeller" : 
	{
		"backwardEff" : 0.69999998807907104,
		"diameter" : 4.1999998092651367,
		"forwardRotDir" : "right",
		"k0" : 0.29300001263618469,
		"k1" : -0.27500000596046448,
		"k2" : -0.13899999856948853,
		"longPosition" : -0.47999998927116394,
		"nominalWake" : 0.20000000298023224,
		"number" : 2,
		"spacing" : 8.0,
		"thrustFactor" : 0.27000001072883606
	},
	"radar" : 
	{
		"number" : 1,
		"pos" : 
		[
			0.0,
			-10.0,
			0.0
		],
		"size" : 1.0,
		"tilt" : 0.0
	},
	"rotIndicator" : 
	{
		"number" : true
	},
	"rudder" : 
	{
		"areaMobPart" : 20.0,
		"aspectRatio" : 0.89999997615814209,
		"expConstUr" : 0.16714480519294739,
		"flowCoef" : 
		[
			0.30327260787300447,
			0.30327260787300447
		],
		"forceIncreaseFactor" : 0.28533077239990234,
		"longCoordinatePos" : -0.89999997615814209,
		"longCoordinateRatio" : -0.5,
		"longLateralForce" : -0.40000000596046448,
		"maxAngle" : 0.61000001430511475,
		"maxSpeed" : 0.05000000074505806,
		"number" : 2,
		"spacing" : 8.0,
		"spanLength" : 4.1999998092651367,
		"steeringResistanceFactor" : 0.38999998569488525,
		"wakeFractionRatio" : 0.80400002002716064
	},
	"sail" : 
	{
		"number" : 1,
		"pos" : 
		[
			[
				0.5,
				26.5,
				3.0
			],
			[
				0.0,
				0.0,
				0.0
			],
			[
				0.0,
				0.0,
				0.0
			],
			[
				0.0,
				0.0,
				0.0
			]
		],
		"size" : "30x5",
		"type" : "Rotor"
	}
}
