{
  "FileName": "boat.x",
  "ScaleFactor": 0.3,
  "YCorrection": -26.4,
  "AngleCorrection": 0,
  "Depth": 26.4,
  "HasGPS": true,
  "HasDepthSounder": true,
  "MaxDepth": 100,
  "HasRateOfTurnIndicator": true,
  "View": [
    [
      0.0,
      115.5,
      -151.3,
      false
    ],
    [
      -2.0,
      107.5,
      -145.3,
      false
    ],
    [
      42.9,
      108.5,
      -140.0,
      false
    ],
    [
      -42.9,
      108.5,
      -140.0,
      false
    ],
    [
      0.0,
      1200.0,
      -50.0,
      true
    ]
  ],
  "Max_propulsion_force": 2145272.72727272,
  "AsternEfficiency": 0.667,
  "Mass": 30000000,
  "MaxRevs": 1000,
  "Dynamics": {
    "speed": [
      27272.7272727272,
      136363.636363636
    ],
    "turnDrag": [
      6000000000,
      4000000000
    ],
    "lateralDrag": [
      0.0,
      0.0
    ]
  },
  "Prop": {
    "space": 5.0,
    "walkAhead": 1513.30967683508,
    "walkAstern": 4539.92903050525,
    "walkDriftEffect": 7e-06
  },
  "Inertia": 80000000000,
  "Rudder": {
    "A": 1000000.0,
    "B": 0.611111111111111,
    "BAstern": 0.0
  },
  "centrifugalDriftEffect": 0.03,
  "Buffet": 0.2,
  "Swell": 0.1,
  "Windage": 0.02,
  "WindageTurnEffect": 1.3,
  "DeviationMaximum": 5,
  "DeviationMaximumHeading": 10
}